Date,Name,Year,Letterboxd URI,Rating
7/26/21,The Woman in the Window,2021,https://boxd.it/iT56,4
7/26/21,Knives Out,2019,https://boxd.it/jWEA,5
7/26/21,Murder Mystery,2019,https://boxd.it/iEBm,4
7/26/21,The Poison Rose,2019,https://boxd.it/jhp0,3
7/26/21,Avengers: Endgame,2019,https://boxd.it/9vE4,5
7/26/21,Megalodon,2018,https://boxd.it/j1Sq,3
7/26/21,Avengers: Infinity War,2018,https://boxd.it/9vEe,5
7/26/21,The Assassin's Code,2018,https://boxd.it/iIzu,3
7/26/21,Kong: Skull Island,2017,https://boxd.it/9ewM,3
7/26/21,Get Out,2017,https://boxd.it/eOCm,5
7/26/21,Arrival,2016,https://boxd.it/aNGk,4.5
7/26/21,Now You See Me 2,2016,https://boxd.it/99fw,4
7/26/21,Captain America: Civil War,2016,https://boxd.it/89Ja,5
7/26/21,Star Wars: The Force Awakens,2015,https://boxd.it/4vru,4
7/26/21,An Inspector Calls,2015,https://boxd.it/cb76,4.5
7/26/21,The Martian,2015,https://boxd.it/8SeG,4
7/26/21,Everest,2015,https://boxd.it/7r7Q,4
7/26/21,Mission: Impossible - Rogue Nation,2015,https://boxd.it/5rI4,3.5
7/26/21,Terminator Genisys,2015,https://boxd.it/35s0,3.5
7/26/21,San Andreas,2015,https://boxd.it/7sUa,3.5
7/26/21,Kingsman: The Secret Service,2014,https://boxd.it/6dxe,4.5
7/26/21,Interstellar,2014,https://boxd.it/4VZ8,5
7/26/21,Draft Day,2014,https://boxd.it/61XO,3.5
7/26/21,Captain America: The Winter Soldier,2014,https://boxd.it/3r58,5
7/26/21,Non-Stop,2014,https://boxd.it/6FtO,3.5
7/26/21,The Wolf of Wall Street,2013,https://boxd.it/3C1m,4
7/26/21,Empire State,2013,https://boxd.it/5ehY,3.5
7/26/21,Welcome to the Jungle,2013,https://boxd.it/6as6,3.5
7/26/21,The Conjuring,2013,https://boxd.it/4sr2,5
7/26/21,Jack Reacher,2012,https://boxd.it/2BUo,4.5
7/26/21,Chinese Zodiac,2012,https://boxd.it/3oAi,4
7/26/21,Sinister,2012,https://boxd.it/2TnW,4.5
7/26/21,Mission: Impossible - Ghost Protocol,2011,https://boxd.it/psI,3.5
7/26/21,Hugo,2011,https://boxd.it/R08,3
7/26/21,The Other Guys,2010,https://boxd.it/1rtq,4
7/26/21,The Expendables,2010,https://boxd.it/1rtA,3.5
7/26/21,The Karate Kid,2010,https://boxd.it/15HA,3
7/26/21,Avatar,2009,https://boxd.it/1Efm,3.5
7/26/21,Night at the Museum: Battle of the Smithsonian,2009,https://boxd.it/1H7U,3
7/26/21,Angels & Demons,2009,https://boxd.it/1Q9K,4.5
7/26/21,The Haunting in Connecticut,2009,https://boxd.it/1Gko,3.5
7/26/21,The Uninvited,2009,https://boxd.it/1OrW,3.5
7/26/21,The Bourne Ultimatum,2007,https://boxd.it/26Eu,4
7/26/21,Zodiac,2007,https://boxd.it/27MO,4.5
7/26/21,Hot Fuzz,2007,https://boxd.it/2416,4.5
7/26/21,The Departed,2006,https://boxd.it/28MA,5
7/26/21,Shutter Island,2010,https://boxd.it/1U82,5
7/26/21,I'll Always Know What You Did Last Summer,2006,https://boxd.it/257u,4
7/26/21,The Da Vinci Code,2006,https://boxd.it/2a3i,4.5
7/26/21,United 93,2006,https://boxd.it/1XHY,4
7/26/21,Silent Hill,2006,https://boxd.it/2a3C,3.5
7/26/21,Inside Man,2006,https://boxd.it/2auS,4
7/26/21,When a Stranger Calls,2006,https://boxd.it/1XcG,4
7/26/21,King Kong,2005,https://boxd.it/2aLa,3.5
7/26/21,Red Eye,2005,https://boxd.it/1TNy,4
7/26/21,Chaos,2005,https://boxd.it/238A,4
7/26/21,Ocean's Twelve,2004,https://boxd.it/2aZ2,4
7/26/21,National Treasure,2004,https://boxd.it/27x0,5
7/26/21,Spider-Man 2,2004,https://boxd.it/2a88,4.5
7/26/21,Harry Potter and the Prisoner of Azkaban,2004,https://boxd.it/29Qy,4.5
7/26/21,Mystic River,2003,https://boxd.it/2aAG,4
7/26/21,The Medallion,2003,https://boxd.it/1VPG,4
7/26/21,Out of Time,2003,https://boxd.it/27oW,4
7/26/21,Shanghai Knights,2003,https://boxd.it/228a,4.5
7/26/21,Catch Me If You Can,2002,https://boxd.it/29VS,4.5
7/26/21,Minority Report,2002,https://boxd.it/2aWi,4.5
7/26/21,The Bourne Identity,2002,https://boxd.it/26EO,4.5
7/26/21,Star Wars: Episode II - Attack of the Clones,2002,https://boxd.it/27V2,4
7/26/21,Spider-Man,2002,https://boxd.it/2a8i,4.5
7/26/21,Murder by Numbers,2002,https://boxd.it/1SQc,4
7/26/21,Harry Potter and the Philosopher's Stone,2001,https://boxd.it/29QS,4
7/26/21,Harry Potter and the Chamber of Secrets,2002,https://boxd.it/29QI,4
7/26/21,Harry Potter and the Goblet of Fire,2005,https://boxd.it/29Qo,4
7/26/21,Rush Hour 2,2001,https://boxd.it/23ga,4.5
7/26/21,The Others,2001,https://boxd.it/27Po,4.5
7/26/21,Swordfish,2001,https://boxd.it/1Y0m,4
7/26/21,Cast Away,2000,https://boxd.it/20i8,3.5
7/26/21,Unbreakable,2000,https://boxd.it/1XV2,4.5
7/26/21,Remember the Titans,2000,https://boxd.it/1VLk,4
7/26/21,The Art of War,2000,https://boxd.it/1TWg,4
7/26/21,What Lies Beneath,2000,https://boxd.it/26v8,4
7/26/21,X-Men,2000,https://boxd.it/1a7s,4
7/26/21,Blue Streak,1999,https://boxd.it/1UT8,4
7/26/21,The Sixth Sense,1999,https://boxd.it/29Js,4.5
7/26/21,Star Wars: Episode I - The Phantom Menace,1999,https://boxd.it/27Vc,4
7/26/21,True Crime,1999,https://boxd.it/1Wtm,4
7/26/21,A Murder of Crows,1998,https://boxd.it/1IUI,4
7/26/21,Rush Hour,1998,https://boxd.it/27pU,5
7/26/21,Blade,1998,https://boxd.it/1a8A,4
7/26/21,Snake Eyes,1998,https://boxd.it/1ZX0,4
7/26/21,I Know What You Did Last Summer,1997,https://boxd.it/2588,4.5
7/26/21,The Game,1997,https://boxd.it/26vC,4.5
7/26/21,Face/Off,1997,https://boxd.it/29I0,5
7/26/21,Con Air,1997,https://boxd.it/28gO,4
7/26/21,The Lost World: Jurassic Park,1997,https://boxd.it/2azS,4
7/26/21,The Fifth Element,1997,https://boxd.it/71k,3.5
7/26/21,Anaconda,1997,https://boxd.it/1YSy,3.5
7/26/21,Scream,1996,https://boxd.it/24EC,5
7/26/21,The Rock,1996,https://boxd.it/1XM0,4
7/26/21,Mission: Impossible,1996,https://boxd.it/29d2,4.5
7/26/21,Executive Decision,1996,https://boxd.it/26We,3.5
7/26/21,Jumanji,1995,https://boxd.it/1ZLI,3.5
7/26/21,Freefall: Flight 174,1995,https://boxd.it/2CzQ,4
7/26/21,Speed,1994,https://boxd.it/28qk,4
7/26/21,Mrs. Doubtfire,1993,https://boxd.it/29Cw,4
7/26/21,Jurassic Park,1993,https://boxd.it/2aA2,5
7/26/21,Home Alone 2: Lost in New York,1992,https://boxd.it/29F6,3.5
7/26/21,Terminator 2: Judgment Day,1991,https://boxd.it/2aGY,5
7/26/21,Arachnophobia,1990,https://boxd.it/21Co,4
7/26/21,Total Recall,1990,https://boxd.it/29qK,4
7/26/21,Tremors,1990,https://boxd.it/1YSe,5
7/26/21,Island of Fire,1990,https://boxd.it/1Gmk,3.5
7/26/21,"Honey, I Shrunk the Kids",1989,https://boxd.it/1YTw,3.5
7/26/21,Indiana Jones and the Last Crusade,1989,https://boxd.it/2baO,5
7/26/21,Coming to America,1988,https://boxd.it/1Ygu,4.5
7/26/21,The Fly,1986,https://boxd.it/1YIe,4
7/26/21,Police Story,1985,https://boxd.it/1Zhe,5
7/26/21,Clue,1985,https://boxd.it/1MDQ,5
7/26/21,Back to the Future,1985,https://boxd.it/2b8e,4.5
7/26/21,The Karate Kid,1984,https://boxd.it/27Wk,4
7/26/21,Beverly Hills Cop,1984,https://boxd.it/2baE,4.5
7/26/21,Return of the Jedi,1983,https://boxd.it/27Vm,5
7/26/21,E.T. the Extra-Terrestrial,1982,https://boxd.it/2a1G,4.5
7/26/21,Raiders of the Lost Ark,1981,https://boxd.it/2bbs,5
7/26/21,The Man Who Saw Tomorrow,1981,https://boxd.it/LR6,4
7/26/21,The Empire Strikes Back,1980,https://boxd.it/27Vw,5
7/26/21,The Lady Vanishes,1979,https://boxd.it/23VC,4
7/26/21,Superman,1978,https://boxd.it/27Qm,3.5
7/26/21,Drunken Master,1978,https://boxd.it/1Ujk,4.5
7/26/21,Star Wars,1977,https://boxd.it/72s,5
7/26/21,Jaws,1975,https://boxd.it/2a5e,4.5
7/26/21,The Godfather: Part II,1974,https://boxd.it/2aNq,5
7/26/21,The Godfather,1972,https://boxd.it/2aNK,5
7/26/21,Rear Window,1954,https://boxd.it/2a6Q,5
7/26/21,Dangerous Lies,2020,https://boxd.it/pLpm,4
8/15/21,Starsky & Hutch,2004,https://boxd.it/1YOQ,4
8/18/21,Chinatown,1974,https://boxd.it/29vU,4.5
10/12/21,The Interview,2014,https://boxd.it/6KQ4,4.5
11/24/21,Red Notice,2021,https://boxd.it/ixtq,4.5
11/27/21,The Amazing Spider-Man,2012,https://boxd.it/27PI,4
11/27/21,The Machinist,2004,https://boxd.it/248c,4
11/30/21,The Amazing Spider-Man 2,2014,https://boxd.it/3utM,4
12/22/21,Candyman,1992,https://boxd.it/1Ys6,4
12/30/21,Wind River,2017,https://boxd.it/dR3i,4
1/12/22,The Shining,1980,https://boxd.it/29Nu,5
3/7/22,The Negotiator,1998,https://boxd.it/1YbO,4
3/13/22,The Dark Knight,2008,https://boxd.it/2b0k,5
4/10/22,Scary Movie,2000,https://boxd.it/24CG,4.5
5/15/22,Zoolander,2001,https://boxd.it/1YMA,4
5/21/22,The Imitation Game,2014,https://boxd.it/6aig,5
5/22/22,12 Angry Men,1957,https://boxd.it/2auI,4.5
6/21/22,The Book of Manning,2013,https://boxd.it/6Gue,4.5
7/4/22,Minions: The Rise of Gru,2022,https://boxd.it/fz9w,4
7/12/22,Se7en,1995,https://boxd.it/29zs,5
7/13/22,Spider-Man: No Way Home,2021,https://boxd.it/nwRw,4.5
7/15/22,Hustle,2022,https://boxd.it/qpig,4
7/15/22,Moon Knight,2022,https://boxd.it/zeDq,4
7/15/22,The Unbearable Weight of Massive Talent,2022,https://boxd.it/o6eK,4
7/15/22,Thor: Love and Thunder,2022,https://boxd.it/mMAY,3
7/15/22,Turning Red,2022,https://boxd.it/ipkq,3
7/15/22,Death on the Nile,2022,https://boxd.it/ifpg,3.5
7/15/22,Scream,2022,https://boxd.it/o0lg,4
7/15/22,Don't Look Up,2021,https://boxd.it/o0Hc,3.5
7/15/22,Hawkeye,2021,https://boxd.it/xQqK,4
7/15/22,Operation Mincemeat,2021,https://boxd.it/oAY4,3.5
7/15/22,Eternals,2021,https://boxd.it/j36o,4
7/15/22,Venom: Let There Be Carnage,2021,https://boxd.it/llco,3
7/15/22,No Time to Die,2021,https://boxd.it/cPX2,3.5
7/15/22,Shang-Chi and the Legend of the Ten Rings,2021,https://boxd.it/kLDI,4
7/15/22,A Classic Horror Story,2021,https://boxd.it/sRY4,3.5
7/15/22,Black Widow,2021,https://boxd.it/hWV8,3.5
7/15/22,The Conjuring: The Devil Made Me Do It,2021,https://boxd.it/eXZY,3.5
7/15/22,Things Heard & Seen,2021,https://boxd.it/nnJI,3.5
7/15/22,Coming 2 America,2021,https://boxd.it/hrdu,3.5
7/15/22,WandaVision,2021,https://boxd.it/sbGW,4
7/15/22,The Scary House,2020,https://boxd.it/rALK,3
7/15/22,The Rental,2020,https://boxd.it/lCQ6,3.5
7/15/22,Spenser Confidential,2020,https://boxd.it/log4,3.5
7/15/22,Jumanji: The Next Level,2019,https://boxd.it/ixu4,3.5
7/15/22,Zombieland: Double Tap,2019,https://boxd.it/bgb6,3
7/15/22,Inside Man: Most Wanted,2019,https://boxd.it/mUxy,3
7/15/22,Fractured,2019,https://boxd.it/kPL2,4
7/15/22,Just Mercy,2019,https://boxd.it/iXj2,4
7/15/22,Disappearance at Clifton Hill,2019,https://boxd.it/m4nG,4
7/15/22,Scary Stories to Tell in the Dark,2019,https://boxd.it/eJTW,4
7/15/22,Escape Plan: The Extractors,2019,https://boxd.it/hfiW,3
7/15/22,The Curse of La Llorona,2019,https://boxd.it/hg0E,3
7/15/22,Triple Frontier,2019,https://boxd.it/dZUO,3.5
7/15/22,Glass,2019,https://boxd.it/g3uO,3
7/15/22,D-Railed,2018,https://boxd.it/k8QI,3
7/15/22,Venom,2018,https://boxd.it/b8wA,3.5
7/15/22,Ant-Man and the Wasp,2018,https://boxd.it/cqUW,4
7/15/22,Escape Plan 2: Hades,2018,https://boxd.it/fEOk,3.5
7/15/22,Flight 666,2018,https://boxd.it/jaAU,2.5
7/15/22,Rampage,2018,https://boxd.it/f9a4,3
7/15/22,Hereditary,2018,https://boxd.it/hNVe,4.5
7/15/22,Insidious: The Last Key,2018,https://boxd.it/ej2C,3.5
7/15/22,Star Wars: The Last Jedi,2017,https://boxd.it/5xme,3.5
7/15/22,Hangman,2017,https://boxd.it/avME,3.5
7/15/22,Kingsman: The Golden Circle,2017,https://boxd.it/buJm,4.5
7/15/22,The Ritual,2017,https://boxd.it/fo0I,3.5
7/15/22,Kidnap,2017,https://boxd.it/9g38,3
7/15/22,Shimmer Lake,2017,https://boxd.it/gm1c,3.5
7/15/22,The Recall,2017,https://boxd.it/gg0M,3
7/15/22,The Mummy,2017,https://boxd.it/8HnW,3
7/15/22,Time Trap,2017,https://boxd.it/ggMw,3.5
7/15/22,The Foreigner,2017,https://boxd.it/dbRg,3
7/15/22,Doctor Strange,2016,https://boxd.it/8MH8,4
7/15/22,Jack Reacher: Never Go Back,2016,https://boxd.it/buAY,3.5
7/15/22,Split,2016,https://boxd.it/dgSy,3
7/15/22,USS Indianapolis: Men of Courage,2016,https://boxd.it/blui,4
7/15/22,Skiptrace,2016,https://boxd.it/88Kw,3
7/15/22,Marauders,2016,https://boxd.it/cdA0,3
7/15/22,The Shallows,2016,https://boxd.it/aXgQ,3
7/15/22,Independence Day: Resurgence,2016,https://boxd.it/JwK,3.5
7/15/22,The Conjuring 2,2016,https://boxd.it/7GJg,4.5
7/15/22,London Has Fallen,2016,https://boxd.it/814o,3
7/15/22,Krampus,2015,https://boxd.it/8Wy6,3
7/15/22,In the Heart of the Sea,2015,https://boxd.it/6avY,3.5
7/15/22,Secret in Their Eyes,2015,https://boxd.it/96zo,4
7/15/22,Pay the Ghost,2015,https://boxd.it/95Dk,3
7/15/22,Self/less,2015,https://boxd.it/71yw,3
7/15/22,Jurassic World,2015,https://boxd.it/4n0g,4
7/15/22,Circle,2015,https://boxd.it/b5So,3
7/15/22,Insurgent,2015,https://boxd.it/7NNa,3
7/15/22,Dumb and Dumber To,2014,https://boxd.it/3qPk,3
7/15/22,The Expendables 3,2014,https://boxd.it/4rmK,3.5
7/15/22,Sharknado 2: The Second One,2014,https://boxd.it/7hGQ,3
7/15/22,Flight 7500,2014,https://boxd.it/2TES,3
7/15/22,Divergent,2014,https://boxd.it/4VT0,3.5
7/15/22,Thor: The Dark World,2013,https://boxd.it/2DqA,3
7/15/22,Sharknado,2013,https://boxd.it/69Qc,4
7/15/22,White House Down,2013,https://boxd.it/3TOg,3
7/15/22,Olympus Has Fallen,2013,https://boxd.it/3TMY,3
7/15/22,The Last Stand,2013,https://boxd.it/2Eao,3.5
7/15/22,House at the End of the Street,2012,https://boxd.it/2Tog,3.5
7/15/22,Journey 2: The Mysterious Island,2012,https://boxd.it/2o8m,3
7/15/22,The Cabin in the Woods,2011,https://boxd.it/1zOc,3
7/15/22,The Sitter,2011,https://boxd.it/mIo,3.5
7/15/22,Jack and Jill,2011,https://boxd.it/2pQu,3
7/15/22,Final Destination 5,2011,https://boxd.it/r1k,3.5
7/15/22,Scream 4,2011,https://boxd.it/Zmc,3.5
7/15/22,The Adjustment Bureau,2011,https://boxd.it/16T8,3.5
7/15/22,Unknown,2011,https://boxd.it/JbW,3.5
7/15/22,Faster,2010,https://boxd.it/ZKy,3
7/15/22,Harry Potter and the Deathly Hallows: Part 1,2010,https://boxd.it/1RYu,4
7/15/22,The Bounty Hunter,2010,https://boxd.it/1rtU,3.5
7/15/22,Frozen,2010,https://boxd.it/S8M,3.5
7/15/22,Henry's Crime,2010,https://boxd.it/xbU,3.5
7/15/22,2012,2009,https://boxd.it/1OE2,3
7/15/22,Harry Potter and the Half-Blood Prince,2009,https://boxd.it/29FU,4
7/15/22,Wyvern,2009,https://boxd.it/2lxe,2.5
7/15/22,Tropic Thunder,2008,https://boxd.it/20WM,4
7/15/22,Get Smart,2008,https://boxd.it/1Tig,4
7/15/22,The Incredible Hulk,2008,https://boxd.it/28dU,3
7/15/22,Iron Man,2008,https://boxd.it/28dA,3.5
7/15/22,Vantage Point,2008,https://boxd.it/20Uw,3.5
7/15/22,First Sunday,2008,https://boxd.it/1O8g,3.5
7/15/22,One Missed Call,2008,https://boxd.it/21jQ,3.5
7/15/22,National Treasure: Book of Secrets,2007,https://boxd.it/21rq,4
7/15/22,I Am Legend,2007,https://boxd.it/21DG,3.5
7/15/22,Paranormal Activity,2007,https://boxd.it/1yIM,3.5
7/15/22,Cleaner,2007,https://boxd.it/1Qxi,3.5
7/15/22,Superbad,2007,https://boxd.it/20hO,4
7/15/22,Rush Hour 3,2007,https://boxd.it/23gk,4
7/15/22,Harry Potter and the Order of the Phoenix,2007,https://boxd.it/29Qe,4
7/15/22,Live Free or Die Hard,2007,https://boxd.it/28zQ,3
7/15/22,Black Water,2007,https://boxd.it/1OGW,3
7/15/22,Spider-Man 3,2007,https://boxd.it/2a7Y,3.5
7/15/22,Next,2007,https://boxd.it/28bY,3.5
7/15/22,Ghost Rider,2007,https://boxd.it/290M,3.5
7/15/22,Robin-B-Hood,2006,https://boxd.it/1vkM,4
7/15/22,Click,2006,https://boxd.it/1YVM,3
7/15/22,16 Blocks,2006,https://boxd.it/27cc,3.5
7/15/22,Flightplan,2005,https://boxd.it/1YZu,3.5
7/15/22,Fantastic Four,2005,https://boxd.it/1XVw,3
7/15/22,The Interpreter,2005,https://boxd.it/2aWs,3.5
7/15/22,The Punisher,2004,https://boxd.it/217g,3
7/15/22,The Haunted Mansion,2003,https://boxd.it/1Vtq,3
7/15/22,The Core,2003,https://boxd.it/1YVs,3
7/15/22,Signs,2002,https://boxd.it/26t2,4.5
7/15/22,Eight Legged Freaks,2002,https://boxd.it/1ZIa,3
7/15/22,The Sum of All Fears,2002,https://boxd.it/242I,3.5
7/15/22,The Time Machine,2002,https://boxd.it/27mG,3
7/15/22,Collateral Damage,2002,https://boxd.it/1XCa,3.5
7/15/22,D-Tox,2002,https://boxd.it/1Wq8,3.5
7/15/22,Space Cowboys,2000,https://boxd.it/22W0,3.5
7/15/22,Gone in Sixty Seconds,2000,https://boxd.it/1Y4y,3.5
7/15/22,Lake Placid,1999,https://boxd.it/1XIC,3.5
7/15/22,Godzilla,1998,https://boxd.it/29fW,3.5
7/15/22,Deep Impact,1998,https://boxd.it/1ZYM,3.5
7/15/22,Evidence of Blood,1998,https://boxd.it/8w3Q,3.5
7/15/22,Money Talks,1997,https://boxd.it/1YJQ,3.5
7/15/22,Murder at 1600,1997,https://boxd.it/1YK0,3.5
7/15/22,"Honey, We Shrunk Ourselves",1997,https://boxd.it/1TS4,3
7/15/22,Absolute Power,1997,https://boxd.it/2bem,4
7/15/22,Twister,1996,https://boxd.it/29S0,3.5
7/15/22,The Arrival,1996,https://boxd.it/1VZw,3.5
7/15/22,Police Story 4: First Strike,1996,https://boxd.it/1YLC,4
7/15/22,Assassins,1995,https://boxd.it/1Y2C,4
7/15/22,Under Siege 2: Dark Territory,1995,https://boxd.it/25jg,3
7/15/22,Die Hard: With a Vengeance,1995,https://boxd.it/28zG,4.5
7/15/22,Stargate,1994,https://boxd.it/27iu,3.5
7/15/22,Timecop,1994,https://boxd.it/1ZNO,3.5
7/15/22,Demolition Man,1993,https://boxd.it/1XVm,4
7/15/22,In the Line of Fire,1993,https://boxd.it/1YOw,4
7/15/22,Dennis the Menace,1993,https://boxd.it/1SrQ,3.5
7/15/22,Under Siege,1992,https://boxd.it/1ZLy,3.5
7/15/22,"Honey, I Blew Up the Kid",1992,https://boxd.it/1UuM,3
7/15/22,Stop! Or My Mom Will Shoot,1992,https://boxd.it/1XDs,3.5
7/15/22,Twin Dragons,1992,https://boxd.it/1GmE,4
7/15/22,Double Impact,1991,https://boxd.it/1YhM,3.5
7/15/22,Hudson Hawk,1991,https://boxd.it/1Z32,3.5
7/15/22,Home Alone,1990,https://boxd.it/29Fg,4
7/15/22,Child's Play 2,1990,https://boxd.it/1Uqq,3.5
7/15/22,Kickboxer,1989,https://boxd.it/1WMy,3.5
7/15/22,Midnight Run,1988,https://boxd.it/1ZnQ,4
7/15/22,The Running Man,1987,https://boxd.it/29q6,3.5
7/15/22,Top Gun,1986,https://boxd.it/29JC,3
7/15/22,Cobra,1986,https://boxd.it/1XDM,3.5
7/15/22,The Heavenly Kid,1985,https://boxd.it/1z0c,3.5
7/15/22,The Protector,1985,https://boxd.it/PBQ,3.5
7/15/22,Into the Night,1985,https://boxd.it/1U5W,4
7/15/22,Sudden Impact,1983,https://boxd.it/1VJe,4
7/15/22,Trading Places,1983,https://boxd.it/28sK,4
7/15/22,Five Element Ninjas,1982,https://boxd.it/ZvS,4
7/15/22,Halloween II,1981,https://boxd.it/1UeE,3.5
7/15/22,Super Fuzz,1980,https://boxd.it/1U6K,3.5
7/15/22,Fearless Hyena,1979,https://boxd.it/1Fnw,4
7/15/22,Jaws 2,1978,https://boxd.it/2a54,3.5
7/15/22,New Fist of Fury,1976,https://boxd.it/1GwE,4
7/15/22,The Conversation,1974,https://boxd.it/2a38,3
7/15/22,The Way of the Dragon,1972,https://boxd.it/1YCq,4
7/15/22,Fist of Fury,1972,https://boxd.it/1TaG,4
7/15/22,"The Good, the Bad and the Ugly",1966,https://boxd.it/2ape,4.5
7/15/22,Iron Man 2,2010,https://boxd.it/1WZM,3
7/15/22,Iron Man 3,2013,https://boxd.it/2cBQ,3
7/17/22,Office Space,1999,https://boxd.it/28Em,3.5
7/17/22,Intrusion,2021,https://boxd.it/txCa,3.5
7/17/22,Loki,2021,https://boxd.it/sbHg,4.5
7/17/22,The Batman,2022,https://boxd.it/eDGs,4
7/18/22,Come and See,1985,https://boxd.it/1w9q,5
7/18/22,To Kill a Mockingbird,1962,https://boxd.it/2a2E,3.5
7/24/22,Heat,1995,https://boxd.it/2bg8,4.5
7/26/22,Ms. Marvel,2022,https://boxd.it/ANCY,4
7/28/22,The Great Dictator,1940,https://boxd.it/29ic,4
7/30/22,It Follows,2014,https://boxd.it/87wo,4
8/8/22,The Gray Man,2022,https://boxd.it/rb7q,3.5
8/13/22,The Incredibles,2004,https://boxd.it/1XLm,4.5
8/13/22,Cars,2006,https://boxd.it/29ho,3.5
8/13/22,Up,2009,https://boxd.it/1OEc,4.5
8/13/22,Shrek,2001,https://boxd.it/29zi,4
8/13/22,Kung Fu Panda,2008,https://boxd.it/1Yws,4.5
8/13/22,Madagascar: Escape 2 Africa,2008,https://boxd.it/1W2K,3.5
8/13/22,How to Train Your Dragon,2010,https://boxd.it/1WRy,4
8/13/22,Madagascar 3: Europe's Most Wanted,2012,https://boxd.it/2NF6,3.5
8/13/22,Kung Fu Panda 3,2016,https://boxd.it/4uRQ,4
8/29/22,Top Gun: Maverick,2022,https://boxd.it/cjr4,4.5
9/1/22,Magnum Opus,2022,https://boxd.it/CcUg,3
9/1/22,Groot Takes a Bath,2022,https://boxd.it/CcTW,3.5
9/1/22,Groot's Pursuit,2022,https://boxd.it/CcUq,3.5
9/1/22,The Little Guy,2022,https://boxd.it/CcU6,3.5
9/1/22,Groot's First Steps,2022,https://boxd.it/CcTM,3
9/1/22,Memento,2000,https://boxd.it/2bcK,5
9/18/22,See How They Run,2022,https://boxd.it/sNVq,3.5
9/24/22,Spider-Man: Into the Spider-Verse,2018,https://boxd.it/azpY,4.5
9/30/22,Geostorm,2017,https://boxd.it/8lC6,2.5
10/1/22,The Hitman's Bodyguard,2017,https://boxd.it/dCmO,3.5
10/1/22,Hitman's Wife's Bodyguard,2021,https://boxd.it/iZdq,3.5
10/1/22,Smile,2022,https://boxd.it/xjfE,4
10/2/22,Happy Death Day,2017,https://boxd.it/fDz4,3.5
10/7/22,BlacKkKlansman,2018,https://boxd.it/hxL8,4
10/8/22,The Nice Guys,2016,https://boxd.it/94Hg,4.5
10/8/22,Runway 34,2022,https://boxd.it/sN7A,3.5
10/8/22,Baaghi,2016,https://boxd.it/dGDE,3
10/8/22,Baaghi 2,2018,https://boxd.it/hU5E,3
10/8/22,Baaghi 3,2020,https://boxd.it/lUai,3
10/9/22,Talaash,2012,https://boxd.it/33ae,3.5
10/9/22,Dabangg,2010,https://boxd.it/RZ6,3
10/9/22,Kick,2014,https://boxd.it/8DPW,3
10/9/22,Sultan,2016,https://boxd.it/d65G,3
10/9/22,Bhool Bhulaiyaa,2007,https://boxd.it/1FQI,3.5
10/9/22,Sooryavanshi,2021,https://boxd.it/lOHU,3
10/9/22,Murder by Death,1976,https://boxd.it/228k,4
10/9/22,HIT: The First Case,2022,https://boxd.it/xv0m,3.5
10/11/22,Werewolf by Night,2022,https://boxd.it/xMrO,4
10/14/22,Guardians of the Galaxy,2014,https://boxd.it/3VH2,4.5
10/14/22,Ant-Man,2015,https://boxd.it/3vmW,4.5
10/14/22,Black Panther,2018,https://boxd.it/8MHs,4.5
10/14/22,Spider-Man: Far from Home,2019,https://boxd.it/fegG,4.5
10/17/22,Snowden,2016,https://boxd.it/9CWO,4.5
10/22/22,The Prestige,2006,https://boxd.it/293w,5
10/24/22,Rise of the Planet of the Apes,2011,https://boxd.it/cS4,4
10/30/22,Dabangg 2,2012,https://boxd.it/4FYI,3
10/30/22,Dabangg 3,2019,https://boxd.it/hU00,3
10/31/22,Star Wars: The Rise of Skywalker,2019,https://boxd.it/5xlK,3.5
11/5/22,American Psycho,2000,https://boxd.it/28Vs,5
11/6/22,Thor: Ragnarok,2017,https://boxd.it/8MHi,4.5
11/6/22,Shanghai Noon,2000,https://boxd.it/202a,4.5
11/6/22,A Nightmare on Elm Street,1984,https://boxd.it/2aw0,5
11/11/22,Black Panther: Wakanda Forever,2022,https://boxd.it/igPu,4.5
11/12/22,Avengers: Age of Ultron,2015,https://boxd.it/3qi6,4
11/14/22,"Monsters, Inc.",2001,https://boxd.it/2a46,4
11/14/22,Deadpool,2016,https://boxd.it/9fOC,4.5
11/14/22,WALL-E,2008,https://boxd.it/1VEo,4
11/14/22,Harry Potter and the Deathly Hallows: Part 2,2011,https://boxd.it/1RYk,4.5
11/14/22,Finding Nemo,2003,https://boxd.it/72i,4
11/14/22,Incredibles 2,2018,https://boxd.it/7IPg,4.5
11/14/22,War Dogs,2016,https://boxd.it/9SlO,4.5
11/14/22,High School Musical,2006,https://boxd.it/1V0y,3.5
11/14/22,High School Musical 2,2007,https://boxd.it/1PIu,3.5
11/14/22,High School Musical 3: Senior Year,2008,https://boxd.it/1SR0,3
11/14/22,The Lorax,2012,https://boxd.it/2w9M,4
11/14/22,Zathura: A Space Adventure,2005,https://boxd.it/21mq,3.5
11/14/22,The Lion King,1994,https://boxd.it/201Q,4.5
11/14/22,John Wick,2014,https://boxd.it/7dEc,4
11/14/22,John Wick: Chapter 2,2017,https://boxd.it/ayGu,4
11/14/22,John Wick: Chapter 3 - Parabellum,2019,https://boxd.it/gmFw,3.5
11/14/22,Toy Story 3,2010,https://boxd.it/1WRe,4
11/14/22,Despicable Me 2,2013,https://boxd.it/3gg0,4
11/14/22,Despicable Me,2010,https://boxd.it/1DD8,4.5
11/14/22,Minions,2015,https://boxd.it/6jCO,4
11/14/22,The Cloverfield Paradox,2018,https://boxd.it/doVA,3
11/14/22,Cloudy with a Chance of Meatballs,2009,https://boxd.it/1A40,4
11/14/22,The SpongeBob Movie: Sponge Out of Water,2015,https://boxd.it/6JxU,3
11/14/22,The SpongeBob SquarePants Movie,2004,https://boxd.it/1SYq,4.5
11/14/22,Bolt,2008,https://boxd.it/1QXg,3.5
11/14/22,Holes,2003,https://boxd.it/20mE,4
11/14/22,The Gift,2015,https://boxd.it/aJMy,3.5
11/14/22,ParaNorman,2012,https://boxd.it/2FuY,4
11/14/22,Scooby-Doo on Zombie Island,1998,https://boxd.it/1QIg,4
11/14/22,Scooby-Doo! and the Cyber Chase,2001,https://boxd.it/1LTy,4
11/14/22,Scooby-Doo! and the Witch's Ghost,1999,https://boxd.it/1IeM,4
11/14/22,Scooby-Doo and the Alien Invaders,2000,https://boxd.it/1Dxk,4
11/14/22,Scooby-Doo! and the Loch Ness Monster,2004,https://boxd.it/1R5a,4
11/14/22,Scooby-Doo! Camp Scare,2010,https://boxd.it/ONm,4.5
11/14/22,Scooby-Doo! in Where's My Mummy?,2005,https://boxd.it/1Dhm,4.5
11/14/22,Aloha Scooby-Doo!,2005,https://boxd.it/1xlC,4
11/14/22,Scooby-Doo! and the Monster of Mexico,2003,https://boxd.it/1BfS,4
11/14/22,Scooby-Doo! and the Reluctant Werewolf,1988,https://boxd.it/18Nm,3.5
11/14/22,Scooby-Doo! Meets the Boo Brothers,1987,https://boxd.it/1wZw,4
11/14/22,Scooby-Doo! Curse of the Lake Monster,2010,https://boxd.it/KuA,3
11/14/22,Scooby-Doo! & Batman: The Brave and the Bold,2018,https://boxd.it/hrkq,3.5
11/14/22,Scooby-Doo! and the Goblin King,2008,https://boxd.it/1R50,4
11/14/22,Scooby-Doo! Pirates Ahoy!,2006,https://boxd.it/1Qma,4
11/14/22,Scooby-Doo! and KISS: Rock and Roll Mystery,2015,https://boxd.it/bFiw,4
11/14/22,Scooby-Doo! WrestleMania Mystery,2014,https://boxd.it/7EPw,4
11/14/22,"Chill Out, Scooby-Doo!",2007,https://boxd.it/1Qmk,4
11/14/22,Scooby-Doo! Return to Zombie Island,2019,https://boxd.it/mMdq,4
11/14/22,Scooby-Doo! Legend of the Phantosaur,2011,https://boxd.it/2eDY,4
11/14/22,Scooby-Doo! and the Samurai Sword,2009,https://boxd.it/1Kco,4.5
11/14/22,"Happy Halloween, Scooby-Doo!",2020,https://boxd.it/r2kq,4
11/14/22,Scooby-Doo! Frankencreepy,2014,https://boxd.it/8P5G,4.5
11/14/22,Scooby-Doo! Music of the Vampire,2012,https://boxd.it/2RNe,4
11/14/22,Scooby-Doo! Abracadabra-Doo,2010,https://boxd.it/1goE,4
11/14/22,Scooby-Doo! and the Curse of the 13th Ghost,2019,https://boxd.it/kvDC,4
11/14/22,Scooby-Doo! Stage Fright,2013,https://boxd.it/67h0,4.5
11/14/22,Scooby-Doo! The Sword and the Scoob,2021,https://boxd.it/prRq,4
11/14/22,Scooby-Doo! Moon Monster Madness,2015,https://boxd.it/9EjY,4
11/14/22,Scooby-Doo! Mask of the Blue Falcon,2012,https://boxd.it/4MqI,4
11/14/22,Scooby-Doo! and the Gourmet Ghost,2018,https://boxd.it/jqaI,4
11/14/22,Scooby-Doo! and WWE: Curse of the Speed Demon,2016,https://boxd.it/ep0i,4
11/14/22,Big Top Scooby-Doo!,2012,https://boxd.it/3XuO,4
11/14/22,Scooby-Doo! Shaggy's Showdown,2017,https://boxd.it/f8Vy,4
11/14/22,Tom and Jerry: The Magic Ring,2002,https://boxd.it/1Noi,4
11/14/22,Tom and Jerry: The Fast and the Furry,2005,https://boxd.it/Xns,4
11/14/22,Diary of a Wimpy Kid,2010,https://boxd.it/1fUa,3
11/14/22,Diary of a Wimpy Kid: Rodrick Rules,2011,https://boxd.it/gm2,3.5
11/14/22,3 Idiots,2009,https://boxd.it/1Dsa,4.5
11/15/22,War of the Worlds,2005,https://boxd.it/2bde,3
11/15/22,The Grand Budapest Hotel,2014,https://boxd.it/3ZqO,4.5
11/15/22,Parasite,2019,https://boxd.it/hTha,5
11/17/22,Pulp Fiction,1994,https://boxd.it/29Pq,4.5
11/17/22,Dolphin Tale,2011,https://boxd.it/alC,3.5
11/18/22,Blonde,2022,https://boxd.it/9AG0,1
11/18/22,Swamp Freak,2017,https://boxd.it/fQz2,0.5
11/18/22,War,2019,https://boxd.it/lwH8,4
11/18/22,The Do-Over,2016,https://boxd.it/dA2C,3
11/18/22,The Secret Life of Walter Mitty,2013,https://boxd.it/3SWy,3
11/18/22,Now You See Me,2013,https://boxd.it/2Bsu,4.5
11/18/22,Batman Begins,2005,https://boxd.it/2aIg,4
11/18/22,The Polar Express,2004,https://boxd.it/23am,3
11/18/22,Space Jam,1996,https://boxd.it/26YO,3
11/18/22,Spiderhead,2022,https://boxd.it/mLsO,1
11/18/22,The Babysitter,2017,https://boxd.it/eP1w,1
11/18/22,Mamma Mia!,2008,https://boxd.it/1Tnq,3.5
11/18/22,I Now Pronounce You Chuck & Larry,2007,https://boxd.it/25cE,3
11/18/22,Central Intelligence,2016,https://boxd.it/9DFE,3
11/19/22,Bloodsport,1988,https://boxd.it/1Tee,3.5
11/19/22,Hard Target,1993,https://boxd.it/27Ck,3.5
11/19/22,Kung Fu Panda 2,2011,https://boxd.it/G36,5
11/19/22,The Menu,2022,https://boxd.it/lScm,4
11/20/22,The Good Nurse,2022,https://boxd.it/jIXI,3.5
11/21/22,Gone Girl,2014,https://boxd.it/6hQu,4
11/22/22,Day Shift,2022,https://boxd.it/sn8W,3.5
11/22/22,Fearless Hyena 2,1983,https://boxd.it/1Gog,3.5
11/22/22,Blade Runner,1982,https://boxd.it/2bcA,1
11/24/22,The Village,2004,https://boxd.it/21iS,3.5
11/24/22,Old,2021,https://boxd.it/npKI,3.5
11/24/22,The Visit,2015,https://boxd.it/9ssO,3.5
11/25/22,"Monica, O My Darling",2022,https://boxd.it/yuuM,3.5
11/25/22,Andhadhun,2018,https://boxd.it/jtfc,4
11/26/22,Zombieland,2009,https://boxd.it/1En6,3.5
11/26/22,Squid Game,2021,https://boxd.it/x1OG,3.5
11/26/22,Scream 3,2000,https://boxd.it/24Ei,3.5
11/26/22,Jurassic Park III,2001,https://boxd.it/2azI,3.5
11/26/22,Spy,2015,https://boxd.it/71Ks,3.5
11/26/22,Die Hard 2,1990,https://boxd.it/28zw,4
11/26/22,Blade II,2002,https://boxd.it/1agO,3.5
11/26/22,The Exorcism of Emily Rose,2005,https://boxd.it/200I,3.5
11/26/22,The Client,1994,https://boxd.it/1VwO,3.5
11/26/22,The Replacements,2000,https://boxd.it/1Wno,3
11/26/22,Death at a Funeral,2010,https://boxd.it/1dem,3.5
11/26/22,Tremors 3: Back to Perfection,2001,https://boxd.it/1Vi8,3.5
11/26/22,The Social Network,2010,https://boxd.it/17ue,3.5
11/26/22,I Still Know What You Did Last Summer,1998,https://boxd.it/257O,3.5
11/26/22,Cliffhanger,1993,https://boxd.it/1YU0,3.5
11/26/22,Dante's Peak,1997,https://boxd.it/1YdK,3.5
11/26/22,The Great Gatsby,2013,https://boxd.it/JY,3
11/26/22,The Exorcist,1973,https://boxd.it/1Yoo,3
11/26/22,Predator 2,1990,https://boxd.it/2aY4,3
11/26/22,Blade: Trinity,2004,https://boxd.it/1a8q,3
11/26/22,The Girl on the Train,2021,https://boxd.it/pZKe,3
11/26/22,Me Time,2022,https://boxd.it/wzV0,3
11/27/22,Paul Blart: Mall Cop,2009,https://boxd.it/1NQw,3
11/27/22,Shooter,2007,https://boxd.it/20TS,3
11/27/22,The Rundown,2003,https://boxd.it/1WWo,3
11/27/22,Changing Lanes,2002,https://boxd.it/28Fa,3
11/27/22,Mission: Impossible - Fallout,2018,https://boxd.it/bSVc,4
11/27/22,Mission: Impossible II,2000,https://boxd.it/29cS,3.5
11/27/22,Murder on the Orient Express,2017,https://boxd.it/dHjA,3.5
11/27/22,Blood Red Sky,2021,https://boxd.it/sArW,3.5
11/27/22,In the Shadow of the Moon,2019,https://boxd.it/jhx4,3.5
11/27/22,Bhool Bhulaiyaa 2,2022,https://boxd.it/q08U,3.5
11/27/22,Roohi,2021,https://boxd.it/pVkw,3.5
11/27/22,Cuttputlli,2022,https://boxd.it/A7RM,3.5
11/27/22,Silence... Can You Hear It?,2021,https://boxd.it/ugH0,3.5
11/27/22,Om Shanti Om,2007,https://boxd.it/20zy,4
11/27/22,Bajrangi Bhaijaan,2015,https://boxd.it/bIbo,3
11/27/22,Andaz Apna Apna,1994,https://boxd.it/l4C,4
11/27/22,Bodyguard,2011,https://boxd.it/2vV6,2.5
11/27/22,Ek Tha Tiger,2012,https://boxd.it/32Xk,3
11/27/22,Tiger Zinda Hai,2017,https://boxd.it/fInM,3
11/27/22,Karan Arjun,1995,https://boxd.it/3gl0,3
11/27/22,Wanted,2009,https://boxd.it/1Aa8,3
11/27/22,My Name Is Khan,2010,https://boxd.it/1uD4,4
11/27/22,Kuch Kuch Hota Hai,1998,https://boxd.it/1SVG,3.5
11/27/22,Chennai Express,2013,https://boxd.it/69tM,3
11/27/22,Main Hoon Na,2004,https://boxd.it/1OHA,3.5
11/27/22,Don,2006,https://boxd.it/1IAI,3.5
11/27/22,Ra.One,2011,https://boxd.it/ZbS,3
11/27/22,Happy New Year,2014,https://boxd.it/8sf4,3
11/27/22,Don 2,2011,https://boxd.it/10am,3.5
11/27/22,Student of the Year,2012,https://boxd.it/4rkY,3
11/27/22,Golmaal Again,2017,https://boxd.it/gVGa,3
11/27/22,Singham,2011,https://boxd.it/2t9a,3.5
11/27/22,Back to the Future Part III,1990,https://boxd.it/2aTS,4
11/28/22,OMG: Oh My God!,2012,https://boxd.it/4nuA,3.5
11/28/22,47 Meters Down,2017,https://boxd.it/eaq6,3
11/28/22,A Quiet Place,2018,https://boxd.it/fVJQ,1
11/29/22,The Perfect Storm,2000,https://boxd.it/27n0,3.5
11/29/22,Death Wish,2018,https://boxd.it/dRqm,2
11/29/22,How It Ends,2018,https://boxd.it/h2HY,2
11/29/22,Sharknado 3: Oh Hell No!,2015,https://boxd.it/aRYM,2.5
11/29/22,Sharknado 4: The 4th Awakens,2016,https://boxd.it/dF4e,2.5
11/29/22,Sharknado 5: Global Swarming,2017,https://boxd.it/fB4S,2.5
11/29/22,The Last Sharknado: It's About Time,2018,https://boxd.it/j1gQ,2.5
11/29/22,Mega Shark vs. Giant Octopus,2009,https://boxd.it/1HRS,2.5
11/29/22,2-Headed Shark Attack,2012,https://boxd.it/35a6,2.5
11/29/22,Mega Shark vs. Crocosaurus,2010,https://boxd.it/yWM,2.5
11/29/22,3-Headed Shark Attack,2015,https://boxd.it/brZm,2.5
11/29/22,Lake Placid 3,2010,https://boxd.it/SXA,2.5
11/29/22,Mega Piranha,2010,https://boxd.it/13tm,2.5
11/29/22,5 Headed Shark Attack,2017,https://boxd.it/gs0u,2.5
11/29/22,Mega Shark vs. Mecha Shark,2014,https://boxd.it/7eLo,2.5
11/29/22,Radhe,2021,https://boxd.it/pmHq,2.5
11/29/22,Airplane vs Volcano,2014,https://boxd.it/7DhS,2.5
11/29/22,100 Million BC,2008,https://boxd.it/1KM2,2.5
11/29/22,Heropanti 2,2022,https://boxd.it/pjM8,2.5
11/29/22,Bermuda Tentacles,2014,https://boxd.it/7Iry,2.5
11/29/22,Triassic World,2018,https://boxd.it/jjKa,2.5
11/29/22,Geo-Disaster,2017,https://boxd.it/hdKO,2.5
11/29/22,500 MPH Storm,2013,https://boxd.it/5jM8,2.5
11/29/22,Airline Disaster,2010,https://boxd.it/ZrG,2.5
11/30/22,Die Hard,1988,https://boxd.it/2a7u,4.5
12/1/22,Piranha 3D,2010,https://boxd.it/U5q,2.5
12/1/22,Inside Out,2015,https://boxd.it/4KHC,4.5
12/2/22,Spy Kids,2001,https://boxd.it/1Xcw,3
12/2/22,Spy Kids 2: The Island of Lost Dreams,2002,https://boxd.it/1Yyo,3
12/2/22,Spy Kids 3-D: Game Over,2003,https://boxd.it/1S7w,3
12/3/22,Spy Kids: All the Time in the World,2011,https://boxd.it/ptm,3
12/3/22,16 Wishes,2010,https://boxd.it/12eU,3
12/3/22,The Game Plan,2007,https://boxd.it/1PDY,3
12/3/22,Teen Beach Movie,2013,https://boxd.it/5rKa,3
12/4/22,Dirty Dancing,1987,https://boxd.it/2baY,2
12/4/22,Blast from the Past,1999,https://boxd.it/1ToS,3
12/4/22,Ice Age,2002,https://boxd.it/2apS,4
12/4/22,Ice Age: The Meltdown,2006,https://boxd.it/2wRk,3.5
12/4/22,Ice Age: Dawn of the Dinosaurs,2009,https://boxd.it/20iC,3.5
12/4/22,Home Alone: The Holiday Heist,2012,https://boxd.it/4loU,2.5
12/4/22,Child's Play 3,1991,https://boxd.it/1Uqg,2.5
12/4/22,Camp Rock 2: The Final Jam,2010,https://boxd.it/Sru,2.5
12/4/22,Romeo and Juliet,1968,https://boxd.it/22cQ,2.5
12/4/22,Home Alone 4,2002,https://boxd.it/1RLA,2.5
12/4/22,Prisoners,2013,https://boxd.it/4E5i,4.5
12/4/22,Replicas,2018,https://boxd.it/9yBi,2.5
12/5/22,Beauty and the Beast,1991,https://boxd.it/1XhG,3
12/5/22,The Jungle Book,1967,https://boxd.it/1YY2,4
12/5/22,Frankenweenie,2012,https://boxd.it/bPS,3
12/6/22,Rebecca,2020,https://boxd.it/ighW,3
12/6/22,Morbius,2022,https://boxd.it/j978,3
12/7/22,Fantastic Mr. Fox,2009,https://boxd.it/1WyQ,4
12/8/22,Spirited Away,2001,https://boxd.it/2b4m,5
12/8/22,Radio Rebel,2012,https://boxd.it/39mq,2.5
12/8/22,Curious George,2006,https://boxd.it/1Xos,4.5
12/9/22,Armour of God,1986,https://boxd.it/1UXa,4
12/9/22,Operation Condor,1991,https://boxd.it/1UX0,4
12/10/22,Big Hero 6,2014,https://boxd.it/5rje,5
12/10/22,Memories of Murder,2003,https://boxd.it/1TSo,5
12/11/22,Inception,2010,https://boxd.it/1skk,5
12/13/22,Everything Everywhere All at Once,2022,https://boxd.it/jUk4,4.5
12/13/22,Final Destination,2000,https://boxd.it/1YrC,4.5
12/17/22,Bodies Bodies Bodies,2022,https://boxd.it/iRcE,4.5
12/17/22,Unfriended,2014,https://boxd.it/8sXg,3.5
12/21/22,Bullet Train,2022,https://boxd.it/qW26,4
12/22/22,Police Story 2,1988,https://boxd.it/1VtU,4.5
12/23/22,Dunkirk,2017,https://boxd.it/d0Y6,4.5
12/24/22,Close Encounters of the Third Kind,1977,https://boxd.it/29u8,3.5
12/26/22,Us,2019,https://boxd.it/gnV6,4.5
12/27/22,The Nun,2018,https://boxd.it/fBkw,3
12/27/22,The Resort,2021,https://boxd.it/uvEK,2
12/28/22,Last Seen Alive,2022,https://boxd.it/Aj8u,3
12/29/22,Law Abiding Citizen,2009,https://boxd.it/1A2I,4
12/29/22,Ittefaq,2017,https://boxd.it/gCw6,3.5
12/29/22,Race,2008,https://boxd.it/1EJQ,3.5
12/30/22,Thank God,2022,https://boxd.it/tte4,3
12/30/22,Forrest Gump,1994,https://boxd.it/728,4
12/30/22,It,2017,https://boxd.it/bC8e,4
12/30/22,Guardians of the Galaxy Vol. 2,2017,https://boxd.it/8MxC,4
12/30/22,Captain America: The First Avenger,2011,https://boxd.it/28b0,4
12/30/22,Back to the Future Part II,1989,https://boxd.it/2aYI,4
12/30/22,The Evil Dead,1981,https://boxd.it/29Go,4
12/30/22,Moneyball,2011,https://boxd.it/glS,4
12/30/22,Indiana Jones and the Temple of Doom,1984,https://boxd.it/2bb8,4.5
12/30/22,Airplane!,1980,https://boxd.it/29yu,4
12/30/22,Predator,1987,https://boxd.it/2b84,4
12/30/22,22 Jump Street,2014,https://boxd.it/5Fvy,4
12/30/22,Independence Day,1996,https://boxd.it/2a1w,4
12/30/22,The Ring,2002,https://boxd.it/2a70,4
12/30/22,Child's Play,1988,https://boxd.it/1VTo,4
12/30/22,The Bourne Supremacy,2004,https://boxd.it/26EE,4
12/30/22,She-Hulk: Attorney at Law,2022,https://boxd.it/CjLK,4
12/30/22,Final Destination 2,2003,https://boxd.it/1YSS,4
12/30/22,Identity,2003,https://boxd.it/26e2,4
12/30/22,Knowing,2009,https://boxd.it/1Pmy,4
12/30/22,Commando,1985,https://boxd.it/1UTs,4
12/30/22,Devil,2010,https://boxd.it/SX6,4
12/30/22,Unstoppable,2010,https://boxd.it/SVO,4
12/30/22,"Game Over, Man!",2018,https://boxd.it/gjaK,4
12/30/22,Rumble in the Bronx,1995,https://boxd.it/1fi6,4.5
12/30/22,Presumed Innocent,1990,https://boxd.it/1UEW,4
12/30/22,Scooby-Doo! and the Legend of the Vampire,2003,https://boxd.it/1m1c,4.5
12/30/22,Doctor Strange in the Multiverse of Madness,2022,https://boxd.it/gaTc,3.5
12/30/22,The Dark Knight Rises,2012,https://boxd.it/H3m,4
12/30/22,Star Wars: Episode III - Revenge of the Sith,2005,https://boxd.it/27US,4.5
12/30/22,Ocean's Eleven,2001,https://boxd.it/2aZm,4.5
12/30/22,Elf,2003,https://boxd.it/1VyK,3.5
12/30/22,Scooby-Doo,2002,https://boxd.it/1YaQ,4
12/30/22,The Invitation,2015,https://boxd.it/9OUU,4
12/30/22,Mission: Impossible III,2006,https://boxd.it/29cI,3.5
12/30/22,Drag Me to Hell,2009,https://boxd.it/1Jzw,3.5
12/30/22,Terrifier,2016,https://boxd.it/eRzg,3.5
12/30/22,Armageddon,1998,https://boxd.it/2b9Q,3.5
12/30/22,Ghost,1990,https://boxd.it/2aLE,3.5
12/30/22,Final Destination 3,2006,https://boxd.it/1Z40,3.5
12/30/22,The Expendables 2,2012,https://boxd.it/2CPE,3.5
12/30/22,Air Force One,1997,https://boxd.it/1XQw,3.5
12/30/22,Insidious: Chapter 3,2015,https://boxd.it/8BkM,3.5
12/30/22,Snakes on a Plane,2006,https://boxd.it/2aAw,3.5
12/30/22,Deep Blue Sea,1999,https://boxd.it/1ZBo,3.5
12/30/22,Home Alone 3,1997,https://boxd.it/1XZ4,4
12/30/22,Escape Plan,2013,https://boxd.it/3DX2,3.5
12/30/22,The Weekend Away,2022,https://boxd.it/vHXw,3.5
12/30/22,The Man from Toronto,2022,https://boxd.it/oRgS,3.5
12/30/22,Airplane II: The Sequel,1982,https://boxd.it/26uu,3.5
12/30/22,Passenger 57,1992,https://boxd.it/1W0Y,3.5
12/30/22,True Memoirs of an International Assassin,2016,https://boxd.it/bhEo,3.5
12/30/22,Just Cause,1995,https://boxd.it/1Zgq,3.5
12/30/22,Domestic Disturbance,2001,https://boxd.it/1TOc,3.5
12/30/22,Halloween,1978,https://boxd.it/2wRu,3.5
12/30/22,Night at the Museum,2006,https://boxd.it/28wi,3.5
12/30/22,HIT: The First Case,2020,https://boxd.it/pifM,3.5
12/30/22,Jurassic World: Fallen Kingdom,2018,https://boxd.it/bOnU,3.5
12/30/22,Jurassic World Dominion,2022,https://boxd.it/ikXW,3.5
12/31/22,Glass Onion,2022,https://boxd.it/oCkK,4.5
12/31/22,Poltergeist,1982,https://boxd.it/2a0o,4
1/1/23,Titanic,1997,https://boxd.it/2a2k,4.5
1/4/23,Govinda Naam Mera,2022,https://boxd.it/oHA4,3.5
1/4/23,Drishyam,2015,https://boxd.it/bQgm,4
1/4/23,Dhol,2007,https://boxd.it/1F8c,3.5
1/5/23,True Lies,1994,https://boxd.it/19pq,4
1/5/23,Paths of Glory,1957,https://boxd.it/29b6,3.5
1/5/23,L.A. Confidential,1997,https://boxd.it/27oC,4.5
1/5/23,A Bug's Life,1998,https://boxd.it/1Yyy,3.5
1/5/23,Dhoom 3,2013,https://boxd.it/QDS,3
1/5/23,Dhoom,2004,https://boxd.it/1ICE,3
1/5/23,Dhoom 2,2006,https://boxd.it/1OAa,3.5
1/7/23,No Escape,2015,https://boxd.it/5NAw,3.5
1/8/23,Project A,1983,https://boxd.it/1BLY,4.5
1/8/23,Coach Carter,2005,https://boxd.it/218e,4
1/11/23,Phone Bhoot,2022,https://boxd.it/rdXy,2.5
1/11/23,Singham Returns,2014,https://boxd.it/8Rdi,3.5
1/11/23,Krrish 3,2013,https://boxd.it/68tm,2.5
1/11/23,Koi... Mil Gaya,2003,https://boxd.it/1vFg,3.5
1/11/23,Krrish,2006,https://boxd.it/1gCw,3.5
1/12/23,Life Is Beautiful,1997,https://boxd.it/29Wm,4.5
1/12/23,Jab We Met,2007,https://boxd.it/1T2W,3.5
1/13/23,Rocky,1976,https://boxd.it/28Uk,4
1/13/23,Rocky II,1979,https://boxd.it/28Ua,4.5
1/13/23,Rocky IV,1985,https://boxd.it/28T2,4.5
1/14/23,Rocky III,1982,https://boxd.it/28Tw,4.5
1/15/23,The Pale Blue Eye,2022,https://boxd.it/u8tk,3
1/15/23,21 Jump Street,2012,https://boxd.it/J0,4.5
1/15/23,36 China Town,2006,https://boxd.it/1DZe,3.5
1/16/23,Drishyam 2,2022,https://boxd.it/CXa0,4
1/17/23,Rocky V,1990,https://boxd.it/28SS,3.5
1/18/23,42 to 1,2018,https://boxd.it/kT6s,4
1/18/23,Celtics/Lakers: Best of Enemies,2017,https://boxd.it/gjeC,4.5
1/18/23,The Two Bills,2018,https://boxd.it/i70s,4
1/18/23,Deion's Double Play,2019,https://boxd.it/liie,3.5
1/18/23,Den of Thieves,2018,https://boxd.it/g17e,3.5
1/18/23,Mr. India,1987,https://boxd.it/YeQ,4
1/18/23,Indiana Jones and the Kingdom of the Crystal Skull,2008,https://boxd.it/2aR8,3.5
1/18/23,The Mummy,1999,https://boxd.it/2a7a,4.5
1/18/23,The Mummy Returns,2001,https://boxd.it/28cs,4.5
1/18/23,Transformers,2007,https://boxd.it/280c,4.5
1/22/23,The Thing,1982,https://boxd.it/294O,5
1/26/23,2025: The World Enslaved by a Virus,2021,https://boxd.it/uwqu,0.5
1/29/23,Zoolander 2,2016,https://boxd.it/aNBE,3.5
1/29/23,Skinamarink,2022,https://boxd.it/ByDO,3
1/29/23,Super Size Me,2004,https://boxd.it/1YQC,3.5
1/29/23,The Invisible Man,2020,https://boxd.it/kWlA,3.5
1/30/23,The Dictator,2012,https://boxd.it/2DEW,3.5
2/7/23,The Fugitive,1993,https://boxd.it/230G,4.5
2/7/23,Inglourious Basterds,2009,https://boxd.it/1JzG,5
2/10/23,White Men Can't Jump,1992,https://boxd.it/1WWy,3.5
2/12/23,Knock at the Cabin,2023,https://boxd.it/npL2,3.5
2/14/23,The Happening,2008,https://boxd.it/200o,3
2/15/23,Ford v Ferrari,2019,https://boxd.it/ce74,4.5
2/15/23,U.S. Marshals,1998,https://boxd.it/1T2M,4.5
2/18/23,Rocky Balboa,2006,https://boxd.it/291q,3.5
2/19/23,The Little Mermaid,1989,https://boxd.it/1WYO,3
2/19/23,The Nightmare Before Christmas,1993,https://boxd.it/1YzQ,4
2/21/23,Creed,2015,https://boxd.it/a2qk,4.5
2/24/23,Spider-Man: Homecoming,2017,https://boxd.it/aboM,4.5
2/24/23,The Avengers,2012,https://boxd.it/1xFW,4.5
2/24/23,Ant-Man and the Wasp: Quantumania,2023,https://boxd.it/nL2y,3.5
2/24/23,The Guardians of the Galaxy Holiday Special,2022,https://boxd.it/t77K,3.5
2/24/23,The Falcon and the Winter Soldier,2021,https://boxd.it/sbH6,3.5
2/25/23,Psycho,1960,https://boxd.it/2ab2,4.5
2/25/23,No Country for Old Men,2007,https://boxd.it/21ew,5
2/27/23,Creed II,2018,https://boxd.it/hgl8,4
2/28/23,All Quiet on the Western Front,2022,https://boxd.it/H08,4.5
3/4/23,Happy Gilmore,1996,https://boxd.it/1Yey,4
3/5/23,Super 8,2011,https://boxd.it/dVI,3.5
3/5/23,Camp Rock,2008,https://boxd.it/1PHw,2.5
3/5/23,Christmas Twister,2012,https://boxd.it/6eHO,2.5
3/5/23,Romeo + Juliet,1996,https://boxd.it/2ama,3
3/5/23,Captain Phillips,2013,https://boxd.it/3GPK,3
3/5/23,Anacondas: The Hunt for the Blood Orchid,2004,https://boxd.it/1Uic,3
3/5/23,Scooby-Doo! The Mystery Begins,2009,https://boxd.it/1Ai2,3
3/5/23,Shrek 2,2004,https://boxd.it/29z8,3.5
3/5/23,The Black Phone,2021,https://boxd.it/sqFE,3.5
3/5/23,Jumanji: Welcome to the Jungle,2017,https://boxd.it/bUeE,3.5
3/5/23,Hercules,1997,https://boxd.it/1SDW,3.5
3/5/23,Madagascar,2005,https://boxd.it/29dc,3.5
3/5/23,Insomnia,2002,https://boxd.it/2aB0,3.5
3/5/23,Ocean's Thirteen,2007,https://boxd.it/2aEy,3.5
3/5/23,Apollo 13,1995,https://boxd.it/2a6G,4.5
3/5/23,In the Heat of the Night,1967,https://boxd.it/1VLY,3.5
3/5/23,I Spy,2002,https://boxd.it/20aS,3.5
3/5/23,Soul Plane,2004,https://boxd.it/1RtG,3.5
3/5/23,The Big Brawl,1980,https://boxd.it/1Fok,3.5
3/7/23,The Bone Collector,1999,https://boxd.it/1Yzw,4
3/7/23,Tango & Cash,1989,https://boxd.it/1YdU,4.5
3/7/23,Conspiracy Theory,1997,https://boxd.it/1ZNk,3.5
3/9/23,Man on a Ledge,2012,https://boxd.it/FQm,3.5
3/10/23,City of God,2002,https://boxd.it/2a2a,5
3/10/23,Killer Klowns from Outer Space,1988,https://boxd.it/1Kpi,3.5
3/11/23,Poltergeist II: The Other Side,1986,https://boxd.it/1Uyu,3.5
3/11/23,Poltergeist III,1988,https://boxd.it/1WAi,3
3/13/23,Lethal Weapon,1987,https://boxd.it/29e0,4
3/14/23,Spree,2020,https://boxd.it/oiiO,1
3/14/23,Mamma Mia! Here We Go Again,2018,https://boxd.it/gnfO,3.5
3/14/23,The Commuter,2018,https://boxd.it/dZ36,3.5
3/15/23,Hearts and Minds,1974,https://boxd.it/WSE,4
3/16/23,Alvin and the Chipmunks,2007,https://boxd.it/21E0,3.5
3/16/23,Alvin and the Chipmunks: The Squeakquel,2009,https://boxd.it/1zgk,3
3/16/23,The Frozen Ground,2013,https://boxd.it/605w,1
3/18/23,Contagion,2011,https://boxd.it/13rq,3
3/18/23,Barbie: Princess Charm School,2011,https://boxd.it/2vLK,4
3/18/23,Barbie and the Magic of Pegasus,2005,https://boxd.it/1Lgc,3.5
3/18/23,Barbie: A Fashion Fairytale,2010,https://boxd.it/QSy,3.5
3/18/23,Barbie: The Princess & The Popstar,2012,https://boxd.it/4eci,3
3/18/23,Barbie: A Fairy Secret,2011,https://boxd.it/lZI,3.5
3/18/23,Stree,2018,https://boxd.it/jrdI,4
3/18/23,Borat: Cultural Learnings of America for Make Benefit Glorious Nation of Kazakhstan,2006,https://boxd.it/2agQ,3
3/20/23,The Lego Movie,2014,https://boxd.it/4pDO,4
3/21/23,Greatest Events of World War II in Colour,2019,https://boxd.it/yS6u,4.5
3/22/23,Airline Disaster: Crash of the Century,2006,https://boxd.it/vxsS,4
3/26/23,House Shark,2017,https://boxd.it/hmts,2.5
3/26/23,Four Falls of Buffalo,2015,https://boxd.it/cQS8,4
3/26/23,Creed III,2023,https://boxd.it/pf68,4.5
3/27/23,Aladdin,1992,https://boxd.it/29yE,3.5
3/28/23,Eyes Without a Face,1960,https://boxd.it/1j9i,4
3/28/23,Nope,2022,https://boxd.it/sDCe,4.5
3/28/23,Shaun of the Dead,2004,https://boxd.it/29J8,4
3/28/23,Cocaine Bear,2023,https://boxd.it/ugw2,4
3/28/23,The King's Man,2021,https://boxd.it/h714,4
3/28/23,Annabelle,2014,https://boxd.it/7l84,3.5
3/28/23,Insidious: Chapter 2,2013,https://boxd.it/3dqc,4
3/28/23,Sinister 2,2015,https://boxd.it/8L58,4
3/28/23,Eraser,1996,https://boxd.it/1Z6U,4
3/28/23,Believeland,2016,https://boxd.it/dAn6,4.5
3/28/23,Once Upon a Time... in Hollywood,2019,https://boxd.it/gH0O,3.5
3/28/23,Scream 2,1997,https://boxd.it/24Es,4
3/28/23,The Mask,1994,https://boxd.it/29rS,3.5
3/28/23,Candyman,2021,https://boxd.it/kHFg,3.5
3/28/23,Fear Street: 1978,2021,https://boxd.it/lLBu,3.5
3/28/23,Friday the 13th,1980,https://boxd.it/24fs,3.5
3/28/23,Happy Feet,2006,https://boxd.it/1XH0,4
3/28/23,First Blood,1982,https://boxd.it/28U0,3.5
3/28/23,Scooby-Doo 2: Monsters Unleashed,2004,https://boxd.it/1UPA,3.5
3/28/23,Inferno,2016,https://boxd.it/6dMS,4
3/28/23,Anger Management,2003,https://boxd.it/1YvO,3.5
3/28/23,The Gift,2000,https://boxd.it/27ys,3.5
3/28/23,State of Play,2009,https://boxd.it/1JnA,3.5
3/28/23,Beverly Hills Ninja,1997,https://boxd.it/1Ydg,3.5
3/28/23,The Glass House,2001,https://boxd.it/27gS,3.5
3/29/23,I Am Wrath,2016,https://boxd.it/aWXa,2
3/29/23,Bigfoot vs. D.B. Cooper,2014,https://boxd.it/8ndM,2
3/29/23,Bird Box,2018,https://boxd.it/eh1i,2.5
3/29/23,Fear Street: 1666,2021,https://boxd.it/lLBE,3
3/29/23,Ice Age: Continental Drift,2012,https://boxd.it/lQ2,2.5
3/29/23,A Good Day to Die Hard,2013,https://boxd.it/JrK,2
3/29/23,Twins,1988,https://boxd.it/1YxK,2.5
3/29/23,Tremors: Shrieker Island,2020,https://boxd.it/oXDy,2.5
3/29/23,Tremors: A Cold Day in Hell,2018,https://boxd.it/hV8k,2.5
3/29/23,Lake Placid 2,2007,https://boxd.it/1Ji6,2.5
3/29/23,Anacondas: Trail of Blood,2009,https://boxd.it/1EXy,2.5
3/29/23,6-Headed Shark Attack,2018,https://boxd.it/iXD2,2.5
3/29/23,The Jurassic Games,2018,https://boxd.it/ifMa,2.5
3/29/23,Llamageddon,2015,https://boxd.it/kUzK,2.5
3/29/23,Tremors 5: Bloodlines,2015,https://boxd.it/bhra,3
3/29/23,Anaconda 3: Offspring,2008,https://boxd.it/1Nei,2.5
3/29/23,Agatha and the Midnight Murders,2020,https://boxd.it/s9LK,2.5
3/29/23,Tenet,2020,https://boxd.it/leq4,4.5
3/29/23,Fight Club,1999,https://boxd.it/2a9q,5
3/30/23,The Parent Trap,1998,https://boxd.it/1XJq,3
3/30/23,The Guilty,2021,https://boxd.it/kOPW,3
3/30/23,Point Break,1991,https://boxd.it/2958,3
3/30/23,Jungle Cruise,2021,https://boxd.it/g4YK,3
3/30/23,Grown Ups,2010,https://boxd.it/169a,3
3/30/23,Crawl,2019,https://boxd.it/iwYi,3
3/30/23,Annabelle: Creation,2017,https://boxd.it/dSxe,3
3/30/23,Annabelle Comes Home,2019,https://boxd.it/iU5m,3
3/30/23,Friday the 13th Part 2,1981,https://boxd.it/1XXC,3
3/30/23,Due Date,2010,https://boxd.it/YFs,3
3/30/23,The Final Destination,2009,https://boxd.it/1EmW,3
3/30/23,Skyscraper,2018,https://boxd.it/fVqa,3
3/30/23,The Ninth Gate,1999,https://boxd.it/29YM,3
3/30/23,The Man,2005,https://boxd.it/1Zek,3
3/30/23,Reservoir Dogs,1992,https://boxd.it/2agc,3.5
4/1/23,Piranha 3DD,2012,https://boxd.it/2qow,2
4/1/23,Django Unchained,2012,https://boxd.it/2cCk,4.5
4/1/23,Escape Room,2017,https://boxd.it/g0VW,2
4/1/23,Lake Placid vs. Anaconda,2015,https://boxd.it/b9Ca,2
4/3/23,Murder Mystery 2,2023,https://boxd.it/nHOo,3.5
4/4/23,American Beauty,1999,https://boxd.it/71Y,4
4/6/23,Being John Malkovich,1999,https://boxd.it/2ahu,4
4/6/23,1408,2007,https://boxd.it/25Vu,3.5
4/7/23,Paddington,2014,https://boxd.it/3RKw,4
4/8/23,The Super Mario Bros. Movie,2023,https://boxd.it/i8C8,4
4/9/23,The Hateful Eight,2015,https://boxd.it/8gw8,3.5
4/10/23,Good Will Hunting,1997,https://boxd.it/2ahY,4.5
4/14/23,The Truman Show,1998,https://boxd.it/18U8,4.5
4/16/23,The Shawshank Redemption,1994,https://boxd.it/2aHi,5
4/17/23,The Spy Next Door,2010,https://boxd.it/1zyo,3
4/17/23,Toy Story 4,2019,https://boxd.it/9ALu,3.5
4/17/23,Night at the Museum: Secret of the Tomb,2014,https://boxd.it/5x3m,3
4/17/23,Toy Story 2,1999,https://boxd.it/29qq,4
4/18/23,Toy Story,1995,https://boxd.it/29qA,4.5
4/18/23,Ratatouille,2007,https://boxd.it/27ww,4
4/18/23,The SpongeBob Movie: Sponge on the Run,2020,https://boxd.it/e1Ac,3
4/19/23,Planet of the Sharks,2016,https://boxd.it/elAc,1.5
4/19/23,Gravity,2013,https://boxd.it/GZY,1.5
4/19/23,The Midnight Sky,2020,https://boxd.it/mK6C,1
4/19/23,Empire of the Sharks,2017,https://boxd.it/glzs,1.5
4/19/23,Terminator Salvation,2009,https://boxd.it/2abQ,2
4/19/23,Brazen,2022,https://boxd.it/ywiI,2
4/19/23,Hero and the Terror,1988,https://boxd.it/14OA,2
4/19/23,Ice Sharks,2016,https://boxd.it/elBk,2
4/19/23,Zombie Tidal Wave,2019,https://boxd.it/n5bo,2
4/19/23,The Babadook,2014,https://boxd.it/77xu,2.5
4/19/23,Jaws 3-D,1983,https://boxd.it/1Idu,2.5
4/19/23,Wings of Desire,1987,https://boxd.it/2b26,3
4/19/23,Captain Marvel,2019,https://boxd.it/9vSA,3
4/19/23,Booksmart,2019,https://boxd.it/igNS,2.5
4/19/23,World War Z,2013,https://boxd.it/2p2E,2.5
4/19/23,Fantastic Four,2015,https://boxd.it/5a9c,2.5
4/19/23,Thir13en Ghosts,2001,https://boxd.it/1YPO,2.5
4/19/23,Jaws: The Revenge,1987,https://boxd.it/2a4U,2.5
4/19/23,Snitch,2013,https://boxd.it/4lvQ,2.5
4/19/23,First Kill,2017,https://boxd.it/esQQ,2.5
4/19/23,ABCD 2,2015,https://boxd.it/bafm,2.5
4/19/23,Thor,2011,https://boxd.it/1WQU,3
4/19/23,She's the Man,2006,https://boxd.it/1Y7W,3
4/19/23,Terminator 3: Rise of the Machines,2003,https://boxd.it/2aES,3.5
4/19/23,Jingle All the Way,1996,https://boxd.it/1Z58,3
4/19/23,The Mummy: Tomb of the Dragon Emperor,2008,https://boxd.it/28ci,3
4/19/23,Cop Out,2010,https://boxd.it/1yQm,3
4/19/23,The Fly II,1989,https://boxd.it/1WuE,3
4/19/23,A Thousand Words,2012,https://boxd.it/2oBS,3
4/19/23,Tremors 2: Aftershocks,1996,https://boxd.it/1UIk,3.5
4/19/23,Tremors 4: The Legend Begins,2004,https://boxd.it/1V9g,3
4/19/23,ABCD,2013,https://boxd.it/4VM4,3
4/19/23,Race 2,2013,https://boxd.it/Rbq,3
4/19/23,Race 3,2018,https://boxd.it/hTYS,2.5
4/19/23,Fear Street: 1994,2021,https://boxd.it/lLBk,3.5
4/19/23,The Hurt Locker,2008,https://boxd.it/1Soi,3.5
4/19/23,Dumb and Dumber,1994,https://boxd.it/206m,3.5
4/19/23,The Stepfather,2009,https://boxd.it/1Enq,3.5
4/19/23,Kabhi Khushi Kabhie Gham,2001,https://boxd.it/1Vtg,3.5
4/19/23,Rising Sun,1993,https://boxd.it/21d4,3.5
4/19/23,Project A: Part II,1987,https://boxd.it/1BLO,4
4/19/23,2:22,2017,https://boxd.it/86bO,3.5
4/19/23,The Vanished,2020,https://boxd.it/qU9k,3.5
4/19/23,Dobaaraa,2022,https://boxd.it/tXI4,3.5
4/19/23,Criminal Law,1989,https://boxd.it/Y76,3.5
4/19/23,Frozen,2013,https://boxd.it/3GNa,4
4/19/23,Insidious,2010,https://boxd.it/H4k,4
4/20/23,Whiplash,2014,https://boxd.it/7bQA,3
4/20/23,King Leopold's Ghost,2006,https://boxd.it/9e3K,4
4/21/23,Bee Movie,2007,https://boxd.it/22Vw,3
4/23/23,Kill Bill: Vol. 1,2003,https://boxd.it/70w,4.5
4/23/23,Donnie Darko,2001,https://boxd.it/2b2A,4.5
4/25/23,Army of Darkness,1992,https://boxd.it/29G4,3.5
4/26/23,Kill Bill: Vol. 2,2004,https://boxd.it/2au4,4
4/27/23,Evil Dead II,1987,https://boxd.it/29Ge,4
4/27/23,Sanders of the River,1935,https://boxd.it/35os,0.5
4/27/23,Bao,2018,https://boxd.it/iEl4,4
4/29/23,MH370: The Plane That Disappeared,2023,https://boxd.it/FuX4,3
4/30/23,You Again,2010,https://boxd.it/16iw,2.5
5/1/23,Alien,1979,https://boxd.it/2awY,3
5/2/23,The Terminator,1984,https://boxd.it/2aQY,4.5
5/2/23,Transformers: Revenge of the Fallen,2009,https://boxd.it/20gG,3
5/7/23,Guardians of the Galaxy Vol. 3,2023,https://boxd.it/fVNI,5
5/7/23,Transformers: Dark of the Moon,2011,https://boxd.it/16aC,3.5
5/9/23,The Meg,2018,https://boxd.it/bAL4,2.5
5/10/23,Life of Pi,2012,https://boxd.it/37pC,4
5/11/23,Tomorrowland,2015,https://boxd.it/4YaC,2.5
5/12/23,Are We There Yet?,2005,https://boxd.it/1Tms,3
5/12/23,Apocalypse Now,1979,https://boxd.it/6ZS,3.5
5/14/23,Pathaan,2023,https://boxd.it/wGeC,3.5
5/14/23,The Land Before Time,1988,https://boxd.it/1Sr2,3.5
5/16/23,A Kind of Murder,2016,https://boxd.it/9LMe,3.5
5/17/23,"history of the entire world, i guess",2017,https://boxd.it/rQx0,3
5/17/23,"Love, Death & Robots: Ice Age",2019,https://boxd.it/lJG8,3
5/17/23,Gone in the Night,2022,https://boxd.it/wYsi,2
5/20/23,Air,2023,https://boxd.it/Arlc,4
5/20/23,A Lifetime of Sundays,2019,https://boxd.it/n87O,3.5
5/21/23,The Matrix,1999,https://boxd.it/2a1m,4.5
5/22/23,Bride of Chucky,1998,https://boxd.it/1SJU,3
5/22/23,Perfect Blue,1997,https://boxd.it/1W7A,5
5/23/23,Munna Bhai M.B.B.S.,2003,https://boxd.it/1ENy,4
5/23/23,Lage Raho Munna Bhai,2006,https://boxd.it/1BRs,3.5
5/24/23,The Waterboy,1998,https://boxd.it/1VHi,3.5
5/25/23,House Party,2023,https://boxd.it/nqnU,3.5
5/25/23,White Men Can't Jump,2023,https://boxd.it/yEMG,3
5/25/23,Untold: Malice at the Palace,2021,https://boxd.it/wnUa,4
5/25/23,Dr. Jekyll and Mr. Mouse,1947,https://boxd.it/12Um,4
5/25/23,The Invisible Mouse,1947,https://boxd.it/12ay,4
5/25/23,Cue Ball Cat,1950,https://boxd.it/vzU,4
5/25/23,Heavenly Puss,1949,https://boxd.it/2ePK,4
5/26/23,Bad Boys,1995,https://boxd.it/1XVG,4